{" Preschool":0.0138888889," 1st-4th":0.036036036," 5th-6th":0.0489977728," 11th":0.0549722051," 9th":0.0562130178," 7th-8th":0.0668286756," 10th":0.067048242," 12th":0.0745233969," HS-grad":0.163430968," Some-college":0.2010304071," Assoc-voc":0.2572741194," Assoc-acdm":0.2641008626," Bachelors":0.4198150594," Masters":0.5540970565," Doctorate":0.7334558824," Prof-school":0.7541401274}