{" Holand-Netherlands":0.0," Guatemala":0.0348837209," Outlying-US(Guam-USVI-etc)":0.0454545455," Columbia":0.0487804878," Dominican-Republic":0.0515463918," Mexico":0.0520487265," Nicaragua":0.0625," El-Salvador":0.074829932," Trinadad&Tobago":0.0769230769," Vietnam":0.0843373494," Peru":0.0888888889," Laos":0.0952380952," Scotland":0.1," Honduras":0.1052631579," Puerto-Rico":0.1142857143," Haiti":0.1304347826," Jamaica":0.1359223301," Ecuador":0.1395348837," Thailand":0.1724137931," South":0.1782178218," Portugal":0.1935483871," Poland":0.1975308642," United-States":0.2530272208," Cuba":0.2556390977," Ireland":0.2777777778," Hong":0.2857142857," Philippines":0.296819788," Germany":0.3005181347," China":0.3185840708," Italy":0.33," Hungary":0.3333333333," Cambodia":0.3461538462," Yugoslavia":0.347826087," Japan":0.3483146067," Greece":0.3673469388," Canada":0.3680981595," Iran":0.3928571429," England":0.3949579832," India":0.4217687075," France":0.4444444444," Taiwan":0.4545454545}